Domain,Status,Attractiveness,Demand,Length,Sectors,Created,Expires,Registrar
brief.earth,available,124,19%,5,"Business,Education,General,Law",,,
flat.earth,resell,116,24%,4,"Construction,Real Estate",10/12/2015 16:33,09/12/2025 23:59,"GoDaddy.com, LLC"
equal.earth,available,116,19%,5,"Education,General,Law",,,
tenth.earth,available,116,7%,5,Mathematics,,,
tonic.earth,available,114,22%,5,"Health and Fitness,Medicine,Science",,,
hotshot.earth,available,112,14%,7,"Business,Entertainment,Sports",,,
abiding.earth,available,106,5%,7,"General,Religion",,,
captive.earth,available,102,14%,7,"Entertainment,Hospitality,Technology",,,
absent.earth,available,102,8%,6,"Business,Education,Technology",,,
abrupt.earth,available,100,3%,6,"Medicine,Science",,,
sixth.earth,available,100,8%,5,Mathematics,,,
adjunct.earth,available,100,5%,7,Education,,,
ninth.earth,available,100,9%,5,Mathematics,,,
eighth.earth,available,100,6%,6,Mathematics,,,
whiz.earth,available,100,12%,4,"Business,Education,Technology",,,
whizz.earth,available,98,11%,5,"Business,Education,Technology",,,
alamode.earth,available,96,12%,9,Fashion,,,
actual.earth,available,96,22%,6,"Real Estate,Retail,Technology",,,
forgiving.earth,available,96,3%,9,"Healthcare,Religion",,,
doable.earth,available,96,9%,6,"Business,Education,Technology",,,
adequate.earth,available,94,9%,8,"Education,Healthcare,Technology",,,
abject.earth,available,94,7%,6,Humanities,,,
virtuoso.earth,resell,94,16%,8,"Arts,Entertainment",11/06/2024 21:29,11/06/2029 21:29,"GoDaddy.com, LLC"
about.earth,available,94,28%,5,"Business,General,Media,Technology",,,
twentieth.earth,available,92,3%,9,Mathematics,,,
exemplary.earth,available,92,5%,9,"Business,Education,Healthcare",,,
nought.earth,available,92,4%,6,Mathematics,,,
adjective.earth,available,92,5%,9,Education,,,
adoring.earth,available,90,2%,7,"Entertainment,Fashion,Retail",,,
endearing.earth,available,90,1%,9,"Entertainment,Fashion,Retail",,,
abortive.earth,available,90,1%,8,"Medicine,Science",,,
riveting.earth,available,90,6%,8,"Entertainment,Media,Technology",,,
leash.earth,available,90,7%,5,"General,Health and Fitness,Retail",,,
addictive.earth,available,90,9%,9,Healthcare,,,
proficient.earth,available,88,8%,10,"Education,Health and Fitness,Sports",,,
adlib.earth,available,88,7%,6,Entertainment,,,
xix.earth,available,86,11%,3,Mathematics,,,
recondite.earth,available,86,4%,9,"Arts,Humanities,Science",,,
adolescent.earth,available,86,3%,10,"Education,Entertainment,Healthcare",,,
extempore.earth,available,86,3%,9,Entertainment,,,
engrossing.earth,available,86,0%,10,"Entertainment,Media,Technology",,,
attendant.earth,available,86,5%,9,"Healthcare,Hospitality,Transportation",,,
sharp.earth,available,84,34%,5,"Arts,Fashion",,,
deviate.earth,available,84,12%,7,"Medicine,Science",,,
fourteen.earth,available,84,8%,8,Mathematics,,,
adjustable.earth,available,84,3%,10,"Manufacturing,Retail,Technology",,,
twentytwo.earth,available,84,11%,10,Mathematics,,,
impromptu.earth,expired,82,16%,9,Entertainment,16/08/2024 13:14,16/08/2025 13:14,Hosting Concepts B.V. d/b/a Registrar.eu
enduring.earth,expiring,82,9%,8,"Health and Fitness,Religion",06/09/2024 18:17,06/09/2025 18:17,IONOS SE
altered.earth,resell,82,9%,7,"Medicine,Science",20/06/2025 02:18,20/06/2026 02:18,Porkbun
abroach.earth,available,82,1%,7,Food and Beverage,,,
abdominal.earth,available,82,1%,9,"Health and Fitness,Medicine",,,
abkhaz.earth,available,82,1%,6,Geography,,,
absorbent.earth,available,82,3%,9,"Healthcare,Manufacturing,Retail",,,
fivesome.earth,available,82,1%,8,Sports,,,
cleansing.earth,available,82,3%,9,Health and Fitness,,,
dozen.earth,available,82,10%,5,Mathematics,,,
abenaki.earth,available,82,2%,7,Geography,,,
decade.earth,available,82,10%,6,Mathematics,,,
dorsal.earth,available,80,6%,6,"Medicine,Science",,,
sequent.earth,available,80,7%,7,"Healthcare,Insurance,Transportation",,,
absorbable.earth,available,80,0%,10,"Healthcare,Pharmaceuticals,Science",,,
absurd.earth,available,80,16%,6,"Arts,Entertainment,Media",,,
adoptable.earth,available,80,3%,9,"Education,Healthcare",,,
worshipful.earth,available,80,1%,10,"Education,Healthcare,Religion",,,
recognized.earth,available,78,3%,10,"Business,Education,Technology",,,
adrenal.earth,available,78,4%,7,"Education,Healthcare,Science",,,
accessible.earth,expired,78,21%,10,"Healthcare,Retail,Technology",11/06/2024 07:34,11/06/2025 07:34,"NameCheap, Inc."
accurate.earth,available,78,16%,8,"Engineering,Mathematics,Science",,,
adjacent.earth,available,78,9%,8,"Construction,Real Estate,Retail",,,
abounding.earth,available,78,2%,9,Agriculture,,,
recognised.earth,available,78,3%,10,"Business,Education,Technology",,,
adorable.earth,available,78,8%,8,"Entertainment,Fashion,Retail",,,
abkhasian.earth,available,78,1%,9,Geography,,,
absorptive.earth,available,78,1%,10,"Healthcare,Manufacturing,Retail",,,
acceptable.earth,available,78,5%,10,"Business,Hospitality,Retail",,,
dormant.earth,available,78,4%,7,"Medicine,Science",,,
acceptant.earth,available,78,1%,9,"Education,Healthcare",,,
twentysix.earth,available,78,8%,10,Mathematics,,,
accidental.earth,available,78,11%,10,"Healthcare,Insurance,Transportation",,,
sixtynine.earth,available,78,8%,10,Mathematics,,,
honestly.earth,available,78,9%,8,"Business,Law",,,
abkhazian.earth,available,78,1%,9,Geography,,,
adhesive.earth,available,76,7%,8,"Construction,Manufacturing,Technology",,,
auxiliary.earth,available,76,7%,9,"Healthcare,Manufacturing,Technology",,,
ague.earth,available,76,2%,4,"Geography,Medicine,Science",,,
threed.earth,available,76,7%,7,Technology,,,
energizing.earth,available,76,3%,10,"Food and Beverage,Health and Fitness,Travel",,,
resultant.earth,available,76,2%,9,"Healthcare,Insurance,Transportation",,,
adaptive.earth,expired,76,28%,8,"Business,Education,Technology",14/06/2023 22:06,14/06/2025 22:06,"GoDaddy.com, LLC"
adaptable.earth,available,76,9%,9,"Business,Education,Technology",,,
abrasive.earth,available,76,6%,8,"Construction,Manufacturing",,,
nineteenth.earth,available,76,3%,10,Mathematics,,,
fourteenth.earth,available,76,1%,10,Mathematics,,,
thousandth.earth,available,76,1%,10,Mathematics,,,
adipose.earth,available,76,2%,7,"Healthcare,Science",,,
addable.earth,available,76,2%,7,"Engineering,Mathematics,Science",,,
ancillary.earth,available,76,6%,9,"Healthcare,Manufacturing,Technology",,,
fifteenth.earth,available,76,2%,9,Mathematics,,,
ventral.earth,available,76,3%,7,Science,,,
thirteenth.earth,available,76,4%,10,Mathematics,,,
obscene.earth,available,76,5%,7,"Entertainment,Media",,,
incidental.earth,available,76,4%,10,"Healthcare,Insurance,Transportation",,,
hundredth.earth,available,76,1%,9,Mathematics,,,
improvise.earth,available,76,4%,9,Entertainment,,,
firstrate.earth,available,76,6%,10,Business,,,
adherent.earth,available,76,4%,8,"Politics,Religion",,,
achievable.earth,available,74,4%,10,"Business,Education,Technology",,,
accepting.earth,available,74,3%,9,"Education,Healthcare",,,
mavin.earth,available,74,7%,5,"Entertainment,Fashion,Technology",,,
adenoid.earth,available,74,1%,7,"Health and Fitness,Medicine,Science",,,
adrenergic.earth,available,74,1%,10,"Education,Healthcare,Science",,,
cleared.earth,available,74,7%,7,"Healthcare,Law,Transportation",,,
adamant.earth,available,74,14%,7,Religion,,,
manageable.earth,available,74,4%,10,"Business,Education,Technology",,,
realizable.earth,available,74,1%,10,"Business,Education,Technology",,,
aberrant.earth,available,74,6%,8,"Medicine,Science",,,
admirable.earth,available,74,5%,9,"Business,Education,Healthcare",,,
skilful.earth,available,74,3%,7,"Education,Health and Fitness,Sports",,,
acuate.earth,available,74,2%,6,"Engineering,Medicine,Science",,,
broad.earth,available,74,13%,5,"Entertainment,General,Media",,,
sensation.earth,available,74,7%,9,"Entertainment,Media,Sports",,,
single.earth,expiring,74,19%,6,Sports,27/08/2020 13:04,27/08/2025 13:04,"GoDaddy.com, LLC"
accustomed.earth,available,72,1%,10,"Business,Education,Humanities",,,
adjectival.earth,available,72,1%,10,Education,,,
existent.earth,available,72,3%,8,"Mathematics,Science",,,
seventieth.earth,available,72,1%,10,Mathematics,,,
accusative.earth,available,72,0%,10,"Humanities,Law",,,
liv.earth,available,72,27%,3,Mathematics,,,
improvize.earth,available,72,1%,9,Entertainment,,,
ninetieth.earth,available,72,1%,9,Mathematics,,,
aching.earth,available,72,4%,6,Healthcare,,,
adiabatic.earth,available,72,3%,9,"Engineering,Science",,,
lovely.earth,available,72,26%,6,"Entertainment,Fashion,Retail",,,
sixtieth.earth,available,72,1%,8,Mathematics,,,
adjunctive.earth,available,72,1%,10,"Healthcare,Manufacturing,Technology",,,
adaptative.earth,available,72,1%,10,"Business,Education,Technology",,,
ternary.earth,available,72,7%,7,Mathematics,,,
addicted.earth,available,72,9%,8,Healthcare,,,
absolutist.earth,available,72,1%,10,"Humanities,Law,Politics",,,
trey.earth,available,72,14%,4,Sports,,,
engrossed.earth,available,72,1%,9,"Entertainment,Media,Technology",,,
ablaze.earth,available,72,6%,6,Entertainment,,,
absorbed.earth,available,72,2%,8,"Entertainment,Media,Technology",,,
adonic.earth,available,72,2%,6,"Arts,Education,Entertainment",,,
abreast.earth,available,72,2%,7,"Business,Technology",,,
eightieth.earth,available,72,1%,9,Mathematics,,,
adjusted.earth,available,70,5%,8,"Manufacturing,Retail,Technology",,,
skillful.earth,available,70,9%,8,"Education,Health and Fitness,Sports",,,
adamantine.earth,available,70,4%,10,Religion,,,
miserable.earth,available,70,4%,9,Humanities,,,
absorbing.earth,available,70,3%,9,"Entertainment,Media,Technology",,,
offhand.earth,available,70,2%,7,Entertainment,,,
consequent.earth,available,70,3%,10,"Business,Education,General,Technology",,,
accumbent.earth,available,70,1%,9,"Healthcare,Medicine,Science",,,
recumbent.earth,available,70,2%,9,"Healthcare,Medicine,Science",,,
lowdown.earth,available,70,6%,8,"Entertainment,Media",,,
acuminate.earth,available,70,1%,9,"Engineering,Medicine,Science",,,
stillborn.earth,available,70,2%,9,"Medicine,Science",,,
practiced.earth,available,70,3%,9,"Education,Health and Fitness,Sports",,,
abradant.earth,available,70,1%,8,"Construction,Manufacturing",,,
abulic.earth,available,70,1%,6,Medicine,,,
gymnastic.earth,available,70,3%,9,"Entertainment,Sports",,,
admired.earth,available,70,5%,7,"Business,Education,Healthcare",,,
aroused.earth,available,68,3%,7,"Entertainment,Health and Fitness",,,
abkhas.earth,available,68,0%,6,Geography,,,
licensed.earth,available,68,5%,8,"Business,Healthcare,Insurance",,,
scurvy.earth,available,68,3%,6,Humanities,,,
overseas.earth,available,68,12%,8,"Hospitality,Travel",,,
ablative.earth,available,68,3%,8,Science,,,
accredited.earth,available,68,9%,10,"Business,Education,Healthcare",,,
septenary.earth,available,68,1%,9,Mathematics,,,
fortieth.earth,available,68,0%,8,Mathematics,,,
licenced.earth,available,68,2%,8,"Business,Healthcare,Insurance",,,
achaian.earth,available,68,2%,7,Humanities,,,
sevener.earth,available,68,1%,7,Mathematics,,,
abnaki.earth,available,68,1%,6,Geography,,,
threesome.earth,available,68,5%,9,Entertainment,,,
aberdonian.earth,available,68,1%,10,Geography,,,
acerate.earth,available,68,1%,7,Science,,,
ane.earth,available,68,12%,3,Mathematics,,,
decorated.earth,available,68,3%,9,"Entertainment,Fashion,Retail",,,
octonary.earth,available,68,1%,8,Mathematics,,,
abducent.earth,available,68,0%,8,Medicine,,,
ennead.earth,available,68,5%,6,Mathematics,,,
foursome.earth,available,68,4%,8,Sports,,,
fiftieth.earth,available,68,0%,8,Mathematics,,,
aculeate.earth,available,68,1%,8,"Engineering,Medicine,Science",,,
achaean.earth,available,68,2%,7,Humanities,,,
vindicated.earth,available,68,2%,10,"Humanities,Law,Politics",,,
stygian.earth,available,68,5%,7,Humanities,,,
thirtieth.earth,available,68,1%,9,Mathematics,,,
acervate.earth,available,66,1%,8,Science,,,
onec.earth,available,66,6%,5,Mathematics,,,
four.earth,resell,66,27%,4,Mathematics,04/09/2018 08:52,04/09/2026 08:52,"GoDaddy.com, LLC"
five.earth,available,66,26%,4,Mathematics,,,
adorned.earth,available,66,5%,7,"Entertainment,Fashion,Retail",,,
xviii.earth,available,66,5%,5,Mathematics,,,
modish.earth,available,66,5%,6,Fashion,,,
sextet.earth,available,66,1%,6,Entertainment,,,
according.earth,available,66,3%,9,"Business,Education,Technology",,,
performing.earth,available,66,6%,10,Entertainment,,,
xxi.earth,available,66,10%,3,Mathematics,,,
xvii.earth,available,66,5%,4,Mathematics,,,
deuce.earth,available,66,9%,5,Sports,,,
accessary.earth,available,66,1%,9,"Business,Law,Technology",,,
buzzing.earth,available,66,7%,7,"Entertainment,Media,Technology",,,
xiii.earth,available,66,9%,4,Mathematics,,,
xvi.earth,available,66,5%,3,Mathematics,,,
exonerated.earth,available,66,2%,10,"Humanities,Law,Politics",,,
acappella.earth,available,66,6%,10,Entertainment,,,
xxv.earth,available,66,6%,3,Mathematics,,,
clv.earth,available,66,10%,3,Mathematics,,,
tenner.earth,available,66,5%,6,Finance,,,
xxii.earth,available,66,6%,4,Mathematics,,,
abstinent.earth,available,66,1%,9,"Health and Fitness,Religion",,,
adopted.earth,available,66,4%,7,"Education,Healthcare",,,
xxvi.earth,available,66,3%,4,Mathematics,,,
xii.earth,available,66,10%,3,Mathematics,,,
eighty.earth,available,66,6%,6,Mathematics,,,
accordant.earth,available,64,3%,9,"Arts,Entertainment",,,
acentric.earth,available,64,2%,8,Science,,,
aflame.earth,available,64,3%,6,Entertainment,,,
scatty.earth,available,64,1%,6,"Arts,Entertainment,Media",,,
nondrinker.earth,available,64,1%,10,"Health and Fitness,Religion",,,
absolved.earth,available,64,1%,8,"Humanities,Law,Religion",,,
rising.earth,resell,64,18%,6,"Construction,Manufacturing,Real Estate",19/03/2020 00:49,19/03/2026 00:49,"GoDaddy.com, LLC"
astringent.earth,available,64,1%,10,"Healthcare,Pharmaceuticals",,,
deviant.earth,available,64,12%,7,"Medicine,Science",,,
twodozen.earth,available,62,1%,9,Mathematics,,,
sixteenth.earth,available,62,1%,9,Mathematics,,,
admissible.earth,available,62,1%,10,"Education,Healthcare,Law",,,
accrued.earth,available,62,2%,7,"Banking,Finance,Insurance",,,
orso.earth,available,62,9%,5,"Business,Media,Technology",,,
exculpated.earth,available,62,1%,10,"Humanities,Law,Politics",,,
aborigine.earth,available,62,1%,9,Humanities,,,
roughly.earth,available,62,3%,7,"Business,Media,Technology",,,
quartet.earth,available,62,7%,7,"Arts,Entertainment",,,
playacting.earth,available,62,1%,10,Entertainment,,,
cumulative.earth,available,62,2%,10,"Banking,Finance,Insurance",,,
activistic.earth,available,62,1%,10,"Humanities,Politics",,,
acidic.earth,available,62,5%,6,"Food and Beverage,Science",,,
troika.earth,available,62,8%,6,Politics,,,
accusing.earth,available,62,1%,8,Law,,,
abo.earth,available,62,15%,3,Science,,,
aufait.earth,available,62,3%,7,"Fashion,Media",,,
chiliad.earth,available,62,2%,7,Mathematics,,,
adjuvant.earth,available,62,5%,8,"Healthcare,Manufacturing,Technology",,,
longdozen.earth,available,62,2%,10,Mathematics,,,
fortyfour.earth,expiring,62,6%,10,Mathematics,20/08/2024 06:52,20/08/2025 06:52,"GoDaddy.com, LLC"
eighteenth.earth,available,62,1%,10,Mathematics,,,
pungent.earth,available,62,1%,7,Food and Beverage,,,
ensuant.earth,available,62,1%,7,"Healthcare,Insurance,Transportation",,,
wrapped.earth,available,62,13%,7,"Fashion,Hospitality,Retail",,,
adoptive.earth,available,62,1%,8,"Education,Healthcare",,,
abstemious.earth,available,60,0%,10,"Food and Beverage,Health and Fitness,Hospitality",,,
cxlv.earth,available,60,2%,4,Mathematics,,,
abashed.earth,available,60,1%,7,Humanities,,,
annexal.earth,available,60,1%,7,"Agriculture,Manufacturing,Retail",,,
clxv.earth,available,60,1%,4,Mathematics,,,
thou.earth,available,60,7%,4,Mathematics,,,
clx.earth,available,60,10%,3,Mathematics,,,
paunchy.earth,available,60,0%,7,"Health and Fitness,Medicine",,,
cxxxv.earth,available,60,2%,5,Mathematics,,,
xcl.earth,available,60,5%,3,Mathematics,,,
cxv.earth,available,60,4%,3,Mathematics,,,
idolized.earth,available,60,3%,8,"Entertainment,Fashion,Retail",,,
clxxx.earth,available,60,1%,5,Mathematics,,,
acceptive.earth,available,60,1%,9,"Education,Healthcare",,,
cxxv.earth,available,60,1%,4,Mathematics,,,
aboveboard.earth,available,60,5%,10,"Business,Law",,,
abstainer.earth,available,60,0%,9,"Health and Fitness,Religion",,,
cautionary.earth,available,60,1%,10,"Business,Education,Healthcare",,,
adnexal.earth,available,60,1%,7,"Agriculture,Manufacturing,Retail",,,
cxxx.earth,available,60,4%,4,Mathematics,,,
cxl.earth,available,60,7%,3,Mathematics,,,
idolised.earth,available,60,1%,8,"Entertainment,Fashion,Retail",,,
eightysix.earth,available,60,7%,10,Mathematics,,,
octet.earth,available,60,12%,5,Arts,,,
clxxv.earth,available,60,1%,5,Mathematics,,,
adnate.earth,available,60,1%,6,"Agriculture,Manufacturing,Retail",,,
cxx.earth,available,60,10%,3,Mathematics,,,
clxx.earth,available,60,3%,4,Mathematics,,,
tercet.earth,available,59,2%,6,"Arts,Entertainment,Media",,,
eighter.earth,available,58,2%,7,Mathematics,,,
twelfth.earth,available,58,2%,7,Mathematics,,,
addressed.earth,available,58,3%,9,"Business,Technology,Telecommunications",,,
offhanded.earth,available,58,1%,9,Entertainment,,,
niner.earth,available,58,5%,5,Mathematics,,,
justabout.earth,available,58,3%,10,"Business,Media,Technology",,,
heptad.earth,available,58,1%,6,Mathematics,,,
pentad.earth,available,58,2%,6,Mathematics,,,
sextuplet.earth,available,58,1%,9,Healthcare,,,
tetrad.earth,available,58,5%,6,Mathematics,,,
fifth.earth,available,58,12%,5,Mathematics,,,
sixtyone.earth,available,58,3%,9,Mathematics,,,
linear.earth,resell,58,22%,6,"Engineering,Mathematics,Science",10/05/2024 00:20,10/05/2026 00:20,"GoDaddy.com, LLC"
enwrapped.earth,available,58,0%,9,"Entertainment,Fashion,Media",,,
hexad.earth,available,58,4%,5,Mathematics,,,
abuzz.earth,available,58,5%,5,"Entertainment,Media,Technology",,,
abused.earth,available,58,5%,6,"Healthcare,Law",,,
adient.earth,available,58,4%,6,"Medicine,Science",,,
lxxx.earth,available,58,2%,4,Mathematics,,,
addible.earth,available,58,2%,7,"Engineering,Mathematics,Science",,,
accretive.earth,available,58,6%,9,"Banking,Finance,Insurance",,,
sixer.earth,available,58,5%,5,Sports,,,
centesimal.earth,available,58,1%,10,Mathematics,,,
fourscore.earth,available,58,4%,9,Mathematics,,,
alacarte.earth,available,58,11%,10,Food and Beverage,,,
octad.earth,available,58,5%,5,Mathematics,,,
actuarial.earth,available,58,8%,9,"Finance,Insurance,Mathematics",,,
acetic.earth,available,58,1%,6,"Food and Beverage,Science",,,
accoutred.earth,available,58,1%,9,"Fashion,Manufacturing,Retail",,,
acyclic.earth,available,58,4%,7,"Engineering,Mathematics,Science",,,
abridged.earth,available,58,4%,8,Media,,,
closeto.earth,available,58,3%,8,"Business,Media,Technology",,,
quintet.earth,available,58,8%,7,"Arts,Entertainment",,,
adjustive.earth,available,58,1%,9,"Manufacturing,Retail,Technology",,,
aucourant.earth,available,58,3%,10,"Fashion,Media",,,
lxxviii.earth,available,58,1%,7,Mathematics,,,
accented.earth,available,58,3%,8,"Arts,Entertainment",,,
admittible.earth,available,56,1%,10,"Education,Healthcare,Hospitality",,,
xxxv.earth,available,56,4%,4,Mathematics,,,
fiftysix.earth,available,56,4%,9,Mathematics,,,
xxvii.earth,available,56,3%,5,Mathematics,,,
lii.earth,available,56,7%,3,Mathematics,,,
xxxi.earth,available,56,9%,4,Mathematics,,,
xlvii.earth,available,56,2%,5,Mathematics,,,
xxxiv.earth,available,56,1%,5,Mathematics,,,
abeyant.earth,available,56,1%,7,"Business,Law",,,
xxxviii.earth,available,56,1%,7,Mathematics,,,
fortysix.earth,available,56,3%,9,Mathematics,,,
aone.earth,available,56,15%,5,Food and Beverage,,,
liii.earth,available,56,4%,4,Mathematics,,,
addled.earth,available,56,2%,6,Entertainment,,,
abdominous.earth,available,56,0%,10,"Health and Fitness,Medicine",,,
ilx.earth,available,56,5%,3,Mathematics,,,
appressed.earth,available,56,0%,9,"Agriculture,Manufacturing,Retail",,,
halfdozen.earth,available,56,1%,10,Mathematics,,,
fiftyfive.earth,available,56,7%,10,Mathematics,,,
xlii.earth,available,56,5%,4,Mathematics,,,
xxxvi.earth,available,56,1%,5,Mathematics,,,
fiftytwo.earth,available,56,6%,9,Mathematics,,,
xxiii.earth,available,56,5%,5,Mathematics,,,
thirtytwo.earth,available,56,5%,10,Mathematics,,,
xxxii.earth,available,56,1%,5,Mathematics,,,
fortyone.earth,available,56,4%,9,Mathematics,,,
lviii.earth,available,56,1%,5,Mathematics,,,
maledict.earth,available,56,1%,8,Religion,,,
admissive.earth,available,56,1%,9,"Education,Healthcare,Hospitality",,,
xli.earth,available,56,5%,3,Mathematics,,,
xliii.earth,available,56,1%,5,Mathematics,,,
xlviii.earth,available,56,1%,6,Mathematics,,,
xxxiii.earth,available,56,2%,6,Mathematics,,,
thirtyone.earth,available,56,5%,10,Mathematics,,,
xxix.earth,available,56,4%,4,Mathematics,,,
terzetto.earth,available,56,3%,8,Arts,,,
xlvi.earth,available,56,3%,4,Mathematics,,,
xxxvii.earth,available,56,2%,6,Mathematics,,,
xxiv.earth,available,56,5%,4,Mathematics,,,
accoutered.earth,available,56,0%,10,"Fashion,Manufacturing,Retail",,,
xxviii.earth,available,56,1%,6,Mathematics,,,
xliv.earth,available,56,2%,4,Mathematics,,,
lvii.earth,available,56,1%,4,Mathematics,,,
admittable.earth,available,56,1%,10,"Education,Healthcare,Hospitality",,,
fiftynine.earth,available,56,4%,10,Mathematics,,,
lvi.earth,available,56,8%,3,Mathematics,,,
thirtysix.earth,available,56,5%,10,Mathematics,,,
fortynine.earth,available,56,3%,10,Mathematics,,,
xlv.earth,available,56,6%,3,Mathematics,,,
fiftyfour.earth,available,56,3%,10,Mathematics,,,
potbellied.earth,available,56,0%,10,"Health and Fitness,Medicine",,,
twoscore.earth,available,54,2%,8,Mathematics,,,
abasic.earth,available,54,1%,6,Science,,,
scratchy.earth,available,54,3%,8,Fashion,,,
adaxial.earth,available,54,2%,7,Science,,,
adducent.earth,available,54,1%,8,"Engineering,Mathematics,Science",,,
aboral.earth,available,54,2%,6,Science,,,
deuceace.earth,available,54,2%,9,Sports,,,
sise.earth,available,54,5%,4,Mathematics,,,
acoustical.earth,available,54,4%,10,Science,,,
quaternion.earth,available,54,6%,10,Mathematics,,,
achromatic.earth,available,54,4%,10,Science,,,
quatern.earth,available,54,2%,7,Mathematics,,,
abhorrent.earth,available,54,1%,9,Humanities,,,
adpressed.earth,available,54,0%,9,"Agriculture,Manufacturing,Retail",,,
adducting.earth,available,54,1%,9,"Engineering,Mathematics,Science",,,
topnotch.earth,available,54,18%,8,Business,,,
accentual.earth,available,54,3%,9,"Arts,Entertainment",,,
fortyfive.earth,available,54,4%,10,Mathematics,,,
actuated.earth,available,54,2%,8,"Automotive,Manufacturing,Technology",,,
vii.earth,available,54,13%,3,Mathematics,,,
quadruplet.earth,available,54,1%,10,"Healthcare,Medicine,Science",,,
abatable.earth,available,54,1%,8,Law,,,
monitory.earth,available,54,3%,8,"Business,Education,Healthcare",,,
adjuratory.earth,available,54,0%,10,"Law,Politics,Religion",,,
adductive.earth,available,54,0%,9,"Engineering,Mathematics,Science",,,
unnatural.earth,available,54,4%,9,"Medicine,Science",,,
abducens.earth,available,54,1%,8,Medicine,,,
abaxial.earth,available,54,1%,7,Science,,,
quintuplet.earth,available,54,1%,10,"Healthcare,Medicine,Science",,,
abient.earth,available,54,1%,6,Science,,,
ternion.earth,available,54,3%,7,Mathematics,,,
threescore.earth,available,54,1%,10,Mathematics,,,
accursed.earth,available,54,3%,8,"Entertainment,Media,Religion",,,
abatic.earth,available,54,1%,6,Science,,,
admonitory.earth,available,54,0%,10,"Business,Education,Healthcare",,,
deserted.earth,available,54,3%,8,"Hospitality,Real Estate",,,
quaternity.earth,available,54,4%,10,Mathematics,,,
viii.earth,available,54,6%,4,Mathematics,,,
sestet.earth,available,53,1%,6,Arts,,,
septet.earth,available,53,1%,6,General,,,
xxx.earth,available,53,30%,3,"Arts,Entertainment,Media",,,
detestable.earth,available,52,1%,10,Humanities,,,
lxxxii.earth,available,52,1%,6,Mathematics,,,
xcvii.earth,available,52,1%,5,Mathematics,,,
lxxvi.earth,available,52,1%,5,Mathematics,,,
lxxiii.earth,available,52,1%,6,Mathematics,,,
lxv.earth,available,52,5%,3,Mathematics,,,
sixtysix.earth,available,52,4%,9,Mathematics,,,
lxxxiii.earth,available,52,1%,7,Mathematics,,,
tierce.earth,available,52,3%,6,General,,,
lxxxi.earth,available,52,1%,5,Mathematics,,,
ablated.earth,available,52,1%,7,Science,,,
xcii.earth,available,52,2%,4,Mathematics,,,
abstruse.earth,available,52,5%,8,"Humanities,Mathematics,Science",,,
lxviii.earth,available,52,1%,6,Mathematics,,,
lxxi.earth,available,52,1%,4,Mathematics,,,
ninetytwo.earth,available,52,4%,10,Mathematics,,,
lxiii.earth,available,52,2%,5,Mathematics,,,
ninetysix.earth,available,52,4%,10,Mathematics,,,
lxxxvii.earth,available,52,1%,7,Mathematics,,,
xciv.earth,available,52,2%,4,Mathematics,,,
lxxxvi.earth,available,52,1%,6,Mathematics,,,
sixtyfive.earth,available,52,3%,10,Mathematics,,,
xci.earth,available,52,4%,3,Mathematics,,,
uphill.earth,available,52,7%,6,"Sports,Transportation,Travel",,,
lxiv.earth,available,52,3%,4,Mathematics,,,
ixl.earth,available,52,9%,3,Mathematics,,,
odious.earth,available,52,2%,6,"Entertainment,Humanities",,,
ninetyone.earth,available,52,5%,10,Mathematics,,,
sixtytwo.earth,available,52,3%,9,Mathematics,,,
lxxv.earth,available,52,1%,4,Mathematics,,,
decumbent.earth,available,52,1%,9,"Healthcare,Medicine,Science",,,
lxi.earth,available,52,5%,3,Mathematics,,,
lxxii.earth,available,52,1%,5,Mathematics,,,
xcviii.earth,available,52,1%,6,Mathematics,,,
adenoidal.earth,available,52,1%,9,"Health and Fitness,Medicine,Science",,,
lxxxv.earth,available,52,1%,5,Mathematics,,,
repulsive.earth,available,52,1%,9,Humanities,,,
xcv.earth,available,52,7%,3,Mathematics,,,
ixc.earth,available,52,5%,3,Mathematics,,,
eightytwo.earth,available,52,4%,10,Mathematics,,,
aboulic.earth,available,52,1%,7,Medicine,,,
lxvii.earth,available,52,1%,5,Mathematics,,,
repugnant.earth,available,52,1%,9,Humanities,,,
lxxiv.earth,available,52,1%,5,Mathematics,,,
chagrined.earth,available,52,1%,9,Humanities,,,
sixtyfour.earth,available,52,3%,10,Mathematics,,,
lxvi.earth,available,52,3%,4,Mathematics,,,
lxii.earth,available,52,1%,4,Mathematics,,,
xcvi.earth,available,52,2%,4,Mathematics,,,
littlejoe.earth,available,52,2%,10,"Entertainment,Media",,,
abominable.earth,available,52,2%,10,"Entertainment,Humanities",,,
abusive.earth,available,52,3%,7,"Healthcare,Law",,,
lxxvii.earth,available,52,2%,6,Mathematics,,,
abysmal.earth,available,52,4%,7,"Arts,Entertainment,Media",,,
eightyone.earth,available,52,3%,10,Mathematics,,,
lxxxiv.earth,available,52,1%,6,Mathematics,,,
xciii.earth,available,52,1%,5,Mathematics,,,
acapnic.earth,available,50,0%,7,"Healthcare,Medicine,Science",,,
aculeated.earth,available,50,0%,9,"Engineering,Medicine,Science",,,
abactinal.earth,available,50,0%,9,Science,,,
acerb.earth,available,50,2%,5,Science,,,
acerose.earth,available,50,1%,7,Science,,,
acapnotic.earth,available,50,0%,9,"Healthcare,Medicine,Science",,,
acetous.earth,available,50,1%,7,Science,,,
lxx.earth,available,50,5%,3,Mathematics,,,
scummy.earth,available,50,1%,6,Humanities,,,
triplet.earth,available,50,8%,7,Science,,,
adactylous.earth,available,50,0%,10,Science,,,
acaudal.earth,available,50,1%,7,"Agriculture,Science",,,
acquitted.earth,available,50,1%,9,Law,,,
cinque.earth,available,50,7%,6,Mathematics,,,
abomasal.earth,available,50,0%,8,Agriculture,,,
aborticide.earth,available,50,0%,10,Medicine,,,
gillless.earth,available,50,0%,9,Science,,,
abdicable.earth,available,50,0%,9,Law,,,
acellular.earth,available,50,1%,9,Science,,,
needlelike.earth,available,50,0%,10,"Engineering,Medicine,Science",,,
adhominem.earth,available,50,2%,10,"Humanities,Law,Politics",,,
ogdoad.earth,available,50,1%,6,Mathematics,,,
broached.earth,available,50,0%,8,Food and Beverage,,,
acerbic.earth,available,50,2%,7,"Arts,Humanities,Media",,,
abbatial.earth,available,50,0%,8,Religion,,,
spinous.earth,available,50,1%,7,"Agriculture,Science",,,
abducting.earth,available,50,0%,9,Medicine,,,
vinegary.earth,available,50,1%,8,Food and Beverage,,,
acetose.earth,available,50,1%,7,Science,,,
abranchial.earth,available,50,0%,10,Science,,,
apriori.earth,available,48,13%,8,Mathematics,,,
ilxxx.earth,available,48,1%,5,Mathematics,,,
abyssal.earth,available,48,12%,7,"Arts,Entertainment,Media",,,
notguilty.earth,expiring,48,5%,10,Law,24/08/2021 16:55,24/08/2025 16:55,"GoDaddy.com, LLC"
abstracted.earth,available,48,5%,10,"Arts,Humanities,Science",,,
lxxxviii.earth,available,48,1%,8,Mathematics,,,
ilxx.earth,available,48,1%,4,Mathematics,,,
execrable.earth,available,48,0%,9,"Entertainment,Humanities",,,
cotyloid.earth,available,46,1%,8,Science,,,
acetabular.earth,available,46,1%,10,Science,,,
acephalous.earth,available,46,1%,10,Science,,,
acarpous.earth,available,46,0%,8,"Agriculture,Science",,,
acetylenic.earth,available,46,1%,10,Science,,,
achromous.earth,available,46,1%,9,Science,,,
acanthoid.earth,available,46,1%,9,"Agriculture,Science",,,
acetylic.earth,available,46,1%,8,Science,,,
acaudate.earth,available,46,1%,8,"Agriculture,Science",,,
acetonic.earth,available,46,1%,8,Science,,,
acanthous.earth,available,46,0%,9,"Agriculture,Science",,,
achromic.earth,available,46,2%,8,Science,,,
acheronian.earth,available,46,1%,10,Humanities,,,
theabsurd.earth,available,46,1%,10,"Arts,Entertainment,Media",,,
achenial.earth,available,46,1%,8,Science,,,
stemless.earth,available,46,2%,8,"Agriculture,Science",,,
quaternary.earth,available,46,3%,10,Mathematics,,,
acicular.earth,available,46,2%,8,Science,,,
vinegarish.earth,available,46,1%,10,Food and Beverage,,,
acanthotic.earth,available,46,0%,10,"Agriculture,Science",,,
stripling.earth,available,46,2%,9,"Education,Entertainment,Healthcare",,,
acarpelous.earth,available,46,0%,10,"Agriculture,Science",,,
acapnial.earth,available,46,0%,8,"Healthcare,Medicine,Science",,,
cotyloidal.earth,available,44,1%,10,Science,,,
accusatory.earth,available,44,1%,10,Law,,,
acherontic.earth,available,44,1%,10,Humanities,,,
phoebe.earth,available,41,14%,6,Science,,,
abscessed.earth,available,41,0%,9,Healthcare,,,
scurrilous.earth,available,40,1%,10,"Entertainment,Media,Politics",,,
accurst.earth,available,40,1%,7,Religion,,,
accusive.earth,available,40,1%,8,Law,,,